mesure_id,patient_id,timestamp,date,heure,temperature_C,tension_systolique_mmHg,tension_diastolique_mmHg,frequence_cardiaque_bpm,spo2_pct,frequence_respiratoire_rpm,glycemie_g_L,poids_kg,imc,activite_physique_steps,duree_sommeil_h,score_douleur_0_10,capteur_id,qualite_signal,source
RT_00001,P001,2025-01-15T08:00:00,2025-01-15,08:00:00,36.5,109,68,83,98.7,17,0.75,78.0,27.0,432,4.6,0,CAP001,bon,smartwatch
RT_00002,P002,2025-01-15T08:00:00,2025-01-15,08:00:00,37.0,122,78,69,97.4,15,0.99,63.4,21.9,6,7.5,1,CAP009,bon,smartwatch
RT_00003,P003,2025-01-15T08:01:00,2025-01-15,08:01:00,37.4,115,68,128,99.1,17,0.81,62.2,21.5,44,7.4,0,CAP005,moyen,smartwatch
RT_00004,P004,2025-01-15T08:01:00,2025-01-15,08:01:00,37.3,154,93,86,96.7,13,1.0,72.9,25.2,103,6.0,3,CAP002,bon,smartwatch
RT_00005,P005,2025-01-15T08:01:00,2025-01-15,08:01:00,36.5,113,85,64,88.9,29,0.85,68.0,23.5,655,7.3,1,CAP003,bon,smartwatch
RT_00006,P006,2025-01-15T08:00:00,2025-01-15,08:00:00,37.2,117,73,64,96.4,17,1.01,80.2,27.8,322,5.4,3,CAP004,bon,smartwatch
RT_00007,P007,2025-01-15T08:01:00,2025-01-15,08:01:00,36.5,122,82,70,98.7,16,1.42,65.2,22.6,521,6.5,0,CAP003,moyen,smartwatch
RT_00008,P008,2025-01-15T08:00:00,2025-01-15,08:00:00,36.7,107,77,55,96.6,17,1.0,79.4,27.5,11,7.2,0,CAP003,bon,smartwatch
RT_00009,P009,2025-01-15T08:01:00,2025-01-15,08:01:00,39.1,176,100,126,89.9,24,2.01,61.0,21.1,108,8.0,7,CAP006,bon,smartwatch
RT_00010,P010,2025-01-15T08:00:00,2025-01-15,08:00:00,36.4,129,81,91,95.5,15,0.88,68.1,23.6,114,8.2,2,CAP003,bon,smartwatch
RT_00011,P011,2025-01-15T08:00:00,2025-01-15,08:00:00,36.3,87,44,86,97.8,14,0.76,83.6,28.9,486,8.3,1,CAP010,bon,smartwatch
RT_00012,P012,2025-01-15T08:01:00,2025-01-15,08:01:00,39.1,127,71,84,91.8,27,0.86,83.1,28.8,529,6.3,6,CAP004,bon,smartwatch
RT_00013,P001,2025-01-15T08:04:00,2025-01-15,08:04:00,36.5,112,65,64,98.5,13,0.8,73.9,25.6,32,7.9,0,CAP001,bon,smartwatch
RT_00014,P002,2025-01-15T08:04:00,2025-01-15,08:04:00,36.4,123,83,77,96.5,16,0.99,63.8,22.1,194,4.9,3,CAP008,bon,smartwatch
RT_00015,P003,2025-01-15T08:04:00,2025-01-15,08:04:00,36.3,125,85,111,97.0,19,0.76,81.3,28.1,196,5.3,3,CAP008,bon,smartwatch
RT_00016,P004,2025-01-15T08:03:00,2025-01-15,08:03:00,37.3,160,104,88,95.6,13,1.03,70.5,24.4,242,5.2,3,CAP005,bon,smartwatch
RT_00017,P005,2025-01-15T08:04:00,2025-01-15,08:04:00,36.2,117,73,91,89.0,30,0.94,62.4,21.6,498,5.1,2,CAP001,bon,smartwatch
RT_00018,P006,2025-01-15T08:03:00,2025-01-15,08:03:00,36.3,115,66,63,98.0,17,1.02,77.9,27.0,543,5.1,0,CAP010,moyen,smartwatch
RT_00019,P007,2025-01-15T08:03:00,2025-01-15,08:03:00,37.3,117,68,92,99.3,14,1.23,59.8,20.7,597,6.8,2,CAP010,moyen,smartwatch
RT_00020,P008,2025-01-15T08:03:00,2025-01-15,08:03:00,36.7,126,85,49,95.5,17,1.05,64.4,22.3,102,4.8,1,CAP006,bon,smartwatch
RT_00021,P009,2025-01-15T08:03:00,2025-01-15,08:03:00,39.6,173,109,123,88.3,30,2.16,81.8,28.3,626,8.4,9,CAP006,bon,smartwatch
RT_00022,P010,2025-01-15T08:04:00,2025-01-15,08:04:00,36.4,108,68,85,97.9,15,0.81,83.4,28.9,215,7.4,1,CAP002,bon,smartwatch
RT_00023,P011,2025-01-15T08:04:00,2025-01-15,08:04:00,37.4,73,44,82,97.3,15,0.73,71.2,24.6,341,7.6,2,CAP009,bon,smartwatch
RT_00024,P012,2025-01-15T08:04:00,2025-01-15,08:04:00,38.9,108,67,92,93.2,24,0.9,77.1,26.7,378,6.8,6,CAP009,bon,smartwatch
RT_00025,P001,2025-01-15T08:06:00,2025-01-15,08:06:00,37.4,132,66,90,97.0,18,0.8,67.8,23.5,105,5.9,3,CAP005,moyen,smartwatch
RT_00026,P002,2025-01-15T08:06:00,2025-01-15,08:06:00,37.5,130,70,90,97.3,14,0.96,81.3,28.1,340,7.6,3,CAP004,bon,smartwatch
RT_00027,P003,2025-01-15T08:06:00,2025-01-15,08:06:00,37.1,117,66,123,97.0,19,0.98,62.3,21.6,233,5.4,1,CAP005,bon,smartwatch
RT_00028,P004,2025-01-15T08:07:00,2025-01-15,08:07:00,36.6,154,100,90,99.7,14,0.91,84.1,29.1,271,4.7,3,CAP002,bon,smartwatch
RT_00029,P005,2025-01-15T08:07:00,2025-01-15,08:07:00,36.9,117,83,68,88.5,25,0.84,74.4,25.7,71,8.3,2,CAP007,bon,smartwatch
RT_00030,P006,2025-01-15T08:06:00,2025-01-15,08:06:00,37.1,115,77,84,96.8,14,0.78,71.7,24.8,680,8.3,1,CAP005,bon,smartwatch
RT_00031,P007,2025-01-15T08:07:00,2025-01-15,08:07:00,36.2,114,71,75,98.9,17,1.35,72.8,25.2,523,6.4,1,CAP007,bon,smartwatch
RT_00032,P008,2025-01-15T08:07:00,2025-01-15,08:07:00,37.0,107,72,55,96.1,13,0.8,75.9,26.3,486,6.9,0,CAP009,bon,smartwatch
RT_00033,P009,2025-01-15T08:06:00,2025-01-15,08:06:00,38.8,182,100,121,89.3,25,1.74,71.3,24.7,712,6.6,5,CAP007,bon,smartwatch
RT_00034,P010,2025-01-15T08:06:00,2025-01-15,08:06:00,36.8,121,82,81,96.9,19,1.01,61.6,21.3,627,7.8,3,CAP008,bon,smartwatch
RT_00035,P011,2025-01-15T08:07:00,2025-01-15,08:07:00,36.8,80,49,88,98.2,19,0.98,78.1,27.0,496,7.0,2,CAP003,bon,smartwatch
RT_00036,P012,2025-01-15T08:07:00,2025-01-15,08:07:00,38.6,122,67,66,91.4,28,0.95,65.3,22.6,723,5.4,8,CAP004,bon,smartwatch
RT_00037,P001,2025-01-15T08:10:00,2025-01-15,08:10:00,37.3,117,83,92,98.5,19,1.01,59.7,20.7,589,6.0,0,CAP007,moyen,smartwatch
RT_00038,P002,2025-01-15T08:10:00,2025-01-15,08:10:00,37.4,118,82,85,98.7,19,0.92,81.0,28.0,225,6.5,2,CAP007,bon,smartwatch
RT_00039,P003,2025-01-15T08:09:00,2025-01-15,08:09:00,37.1,117,70,120,98.0,18,0.73,67.1,23.2,658,6.2,3,CAP007,bon,smartwatch
RT_00040,P004,2025-01-15T08:10:00,2025-01-15,08:10:00,36.8,172,96,85,97.8,15,0.79,66.8,23.1,70,7.6,0,CAP007,bon,smartwatch
RT_00041,P005,2025-01-15T08:09:00,2025-01-15,08:09:00,37.0,112,69,77,88.8,26,0.97,80.7,27.9,171,6.9,0,CAP004,bon,smartwatch
RT_00042,P006,2025-01-15T08:09:00,2025-01-15,08:09:00,36.2,114,83,83,99.4,16,0.85,60.9,21.1,732,5.3,1,CAP005,bon,smartwatch
RT_00043,P007,2025-01-15T08:10:00,2025-01-15,08:10:00,37.2,123,66,73,97.8,18,1.85,79.7,27.6,501,4.9,2,CAP010,bon,smartwatch
RT_00044,P008,2025-01-15T08:10:00,2025-01-15,08:10:00,37.2,125,73,44,97.5,19,0.96,69.8,24.2,274,5.8,1,CAP003,bon,smartwatch
RT_00045,P009,2025-01-15T08:09:00,2025-01-15,08:09:00,38.8,176,112,128,87.1,27,1.75,81.8,28.3,217,5.9,7,CAP005,bon,smartwatch
RT_00046,P010,2025-01-15T08:10:00,2025-01-15,08:10:00,37.4,107,72,85,97.2,17,0.97,58.3,20.2,707,6.4,3,CAP009,bon,smartwatch
RT_00047,P011,2025-01-15T08:09:00,2025-01-15,08:09:00,36.7,79,51,83,98.0,16,0.9,65.9,22.8,352,6.2,2,CAP002,bon,smartwatch
RT_00048,P012,2025-01-15T08:10:00,2025-01-15,08:10:00,38.5,128,71,72,91.3,30,1.03,66.3,22.9,706,5.2,6,CAP005,bon,smartwatch
RT_00049,P001,2025-01-15T08:13:00,2025-01-15,08:13:00,36.9,114,68,88,96.3,14,0.84,84.4,29.2,309,4.6,1,CAP010,bon,smartwatch
RT_00050,P002,2025-01-15T08:12:00,2025-01-15,08:12:00,37.4,125,80,65,99.3,17,0.81,65.9,22.8,490,6.3,1,CAP009,moyen,smartwatch
RT_00051,P003,2025-01-15T08:13:00,2025-01-15,08:13:00,36.3,120,67,114,99.0,15,0.75,61.1,21.1,254,5.0,3,CAP008,bon,smartwatch
RT_00052,P004,2025-01-15T08:12:00,2025-01-15,08:12:00,37.4,178,94,92,98.7,19,0.79,68.3,23.6,216,5.6,0,CAP009,bon,smartwatch
RT_00053,P005,2025-01-15T08:12:00,2025-01-15,08:12:00,36.2,119,84,77,89.4,29,0.74,60.0,20.8,239,8.2,1,CAP009,bon,smartwatch
RT_00054,P006,2025-01-15T08:12:00,2025-01-15,08:12:00,37.3,107,66,67,98.9,17,0.97,82.5,28.5,582,8.2,3,CAP003,bon,smartwatch
RT_00055,P007,2025-01-15T08:13:00,2025-01-15,08:13:00,36.9,120,79,64,98.1,16,1.37,83.5,28.9,690,7.8,0,CAP007,moyen,smartwatch
RT_00056,P008,2025-01-15T08:13:00,2025-01-15,08:13:00,37.2,120,81,55,99.8,16,0.93,59.1,20.4,503,8.4,3,CAP010,bon,smartwatch
RT_00057,P009,2025-01-15T08:13:00,2025-01-15,08:13:00,39.6,172,113,133,87.9,28,2.25,76.1,26.3,563,4.6,5,CAP006,bon,smartwatch
RT_00058,P010,2025-01-15T08:13:00,2025-01-15,08:13:00,36.7,121,65,83,99.2,16,0.86,84.2,29.1,192,6.6,3,CAP002,bon,smartwatch
RT_00059,P011,2025-01-15T08:12:00,2025-01-15,08:12:00,36.4,81,56,90,98.5,13,0.73,65.2,22.6,645,6.9,1,CAP004,bon,smartwatch
RT_00060,P012,2025-01-15T08:13:00,2025-01-15,08:13:00,38.7,112,68,76,93.4,24,0.88,58.4,20.2,733,5.7,7,CAP009,bon,smartwatch
RT_00061,P001,2025-01-15T08:16:00,2025-01-15,08:16:00,36.9,117,71,91,98.1,18,1.01,64.6,22.4,71,5.6,3,CAP008,bon,smartwatch
RT_00062,P002,2025-01-15T08:16:00,2025-01-15,08:16:00,36.6,123,83,83,97.6,14,0.87,65.6,22.7,495,5.9,3,CAP001,bon,smartwatch
RT_00063,P003,2025-01-15T08:16:00,2025-01-15,08:16:00,36.5,117,72,110,97.5,19,0.85,84.5,29.2,679,7.7,1,CAP004,bon,smartwatch
RT_00064,P004,2025-01-15T08:15:00,2025-01-15,08:15:00,37.0,163,93,85,96.1,19,0.94,71.6,24.8,158,4.8,2,CAP003,bon,smartwatch
RT_00065,P005,2025-01-15T08:16:00,2025-01-15,08:16:00,37.3,132,82,74,90.9,30,0.73,81.0,28.0,70,5.4,2,CAP002,moyen,smartwatch
RT_00066,P006,2025-01-15T08:15:00,2025-01-15,08:15:00,37.2,127,68,76,96.2,15,1.02,84.4,29.2,47,5.8,0,CAP007,bon,smartwatch
RT_00067,P007,2025-01-15T08:16:00,2025-01-15,08:16:00,36.9,123,70,67,96.3,17,1.3,61.9,21.4,146,5.4,2,CAP007,bon,smartwatch
RT_00068,P008,2025-01-15T08:15:00,2025-01-15,08:15:00,37.1,110,67,40,98.2,16,0.95,82.3,28.5,467,7.9,1,CAP008,moyen,smartwatch
RT_00069,P009,2025-01-15T08:16:00,2025-01-15,08:16:00,39.2,180,109,127,87.1,28,1.82,64.4,22.3,579,8.0,5,CAP002,moyen,smartwatch
RT_00070,P010,2025-01-15T08:16:00,2025-01-15,08:16:00,36.5,130,76,69,98.2,17,0.8,78.9,27.3,773,7.4,1,CAP005,bon,smartwatch
RT_00071,P011,2025-01-15T08:15:00,2025-01-15,08:15:00,36.2,83,46,64,99.4,15,0.97,79.3,27.4,179,5.3,2,CAP005,bon,smartwatch
RT_00072,P012,2025-01-15T08:16:00,2025-01-15,08:16:00,39.2,120,74,85,93.2,23,0.87,64.9,22.5,77,5.1,6,CAP003,moyen,smartwatch
RT_00073,P001,2025-01-15T08:19:00,2025-01-15,08:19:00,37.2,105,73,79,96.0,15,0.94,67.9,23.5,688,5.5,3,CAP009,bon,smartwatch
RT_00074,P002,2025-01-15T08:19:00,2025-01-15,08:19:00,36.8,124,82,72,99.4,14,0.93,76.2,26.4,650,7.8,2,CAP002,bon,smartwatch
RT_00075,P003,2025-01-15T08:18:00,2025-01-15,08:18:00,36.2,120,68,123,97.5,18,1.03,59.2,20.5,713,8.3,3,CAP003,bon,smartwatch
RT_00076,P004,2025-01-15T08:18:00,2025-01-15,08:18:00,37.3,154,106,92,96.5,15,0.75,75.7,26.2,702,6.0,2,CAP007,bon,smartwatch
RT_00077,P005,2025-01-15T08:19:00,2025-01-15,08:19:00,37.4,131,79,64,89.0,22,0.98,84.1,29.1,249,8.5,1,CAP004,bon,smartwatch
RT_00078,P006,2025-01-15T08:18:00,2025-01-15,08:18:00,37.3,115,69,87,99.4,13,0.81,63.8,22.1,148,8.5,2,CAP010,bon,smartwatch
RT_00079,P007,2025-01-15T08:18:00,2025-01-15,08:18:00,36.7,130,72,80,96.9,14,1.23,61.6,21.3,763,4.8,3,CAP001,bon,smartwatch
RT_00080,P008,2025-01-15T08:18:00,2025-01-15,08:18:00,37.4,106,81,49,99.8,19,0.85,71.6,24.8,702,4.9,3,CAP008,bon,smartwatch
RT_00081,P009,2025-01-15T08:18:00,2025-01-15,08:18:00,38.6,170,110,130,90.0,30,1.84,74.4,25.7,517,6.9,5,CAP006,bon,smartwatch
RT_00082,P010,2025-01-15T08:18:00,2025-01-15,08:18:00,36.5,119,72,75,97.0,16,0.85,77.5,26.8,747,4.9,3,CAP009,bon,smartwatch
RT_00083,P011,2025-01-15T08:19:00,2025-01-15,08:19:00,37.1,87,44,64,99.1,13,0.86,83.7,29.0,762,7.5,1,CAP006,bon,smartwatch
RT_00084,P012,2025-01-15T08:19:00,2025-01-15,08:19:00,39.2,129,78,89,93.3,22,1.04,69.1,23.9,614,5.7,5,CAP002,bon,smartwatch
RT_00085,P001,2025-01-15T08:21:00,2025-01-15,08:21:00,36.5,108,76,89,97.9,13,0.97,75.7,26.2,587,5.4,3,CAP003,bon,smartwatch
RT_00086,P002,2025-01-15T08:21:00,2025-01-15,08:21:00,37.3,113,65,67,96.7,19,0.82,83.1,28.8,347,5.9,1,CAP010,moyen,smartwatch
RT_00087,P003,2025-01-15T08:22:00,2025-01-15,08:22:00,37.0,105,67,122,97.5,14,0.84,61.8,21.4,738,5.8,0,CAP002,moyen,smartwatch
RT_00088,P004,2025-01-15T08:21:00,2025-01-15,08:21:00,36.3,155,110,75,96.7,19,0.89,78.4,27.1,353,6.2,2,CAP003,bon,smartwatch
RT_00089,P005,2025-01-15T08:22:00,2025-01-15,08:22:00,36.3,117,84,63,88.0,26,0.82,76.0,26.3,122,4.5,3,CAP009,bon,smartwatch
RT_00090,P006,2025-01-15T08:22:00,2025-01-15,08:22:00,36.9,131,76,64,97.2,18,0.73,77.0,26.6,19,6.3,0,CAP009,moyen,smartwatch
RT_00091,P007,2025-01-15T08:22:00,2025-01-15,08:22:00,37.0,114,68,74,95.6,15,1.38,68.9,23.8,370,4.9,0,CAP010,bon,smartwatch
RT_00092,P008,2025-01-15T08:22:00,2025-01-15,08:22:00,37.3,128,75,48,97.7,13,0.9,60.1,20.8,198,8.1,2,CAP009,bon,smartwatch
RT_00093,P009,2025-01-15T08:21:00,2025-01-15,08:21:00,38.8,167,104,138,87.2,29,1.97,60.8,21.0,577,7.5,8,CAP004,bon,smartwatch
RT_00094,P010,2025-01-15T08:22:00,2025-01-15,08:22:00,36.3,119,85,71,98.9,17,0.74,62.1,21.5,519,4.8,3,CAP006,bon,smartwatch
RT_00095,P011,2025-01-15T08:21:00,2025-01-15,08:21:00,36.3,74,58,74,97.5,17,1.03,80.5,27.9,756,8.1,3,CAP006,moyen,smartwatch
RT_00096,P012,2025-01-15T08:21:00,2025-01-15,08:21:00,38.8,106,79,65,93.0,27,1.04,74.3,25.7,86,6.5,6,CAP006,bon,smartwatch
RT_00097,P001,2025-01-15T08:25:00,2025-01-15,08:25:00,37.0,116,76,91,96.7,16,0.98,72.1,24.9,695,6.9,2,CAP008,bon,smartwatch
RT_00098,P002,2025-01-15T08:24:00,2025-01-15,08:24:00,36.6,128,84,89,96.1,13,0.91,76.3,26.4,144,8.2,2,CAP009,moyen,smartwatch
RT_00099,P003,2025-01-15T08:25:00,2025-01-15,08:25:00,37.4,114,82,107,98.5,18,1.05,74.1,25.6,539,4.9,3,CAP003,bon,smartwatch
RT_00100,P004,2025-01-15T08:24:00,2025-01-15,08:24:00,37.4,150,105,89,98.9,17,0.97,66.3,22.9,756,8.0,0,CAP006,bon,smartwatch
RT_00101,P005,2025-01-15T08:24:00,2025-01-15,08:24:00,36.4,131,84,87,91.1,25,1.04,68.2,23.6,625,5.6,3,CAP010,bon,smartwatch
RT_00102,P006,2025-01-15T08:24:00,2025-01-15,08:24:00,37.2,131,71,73,98.4,17,1.04,84.1,29.1,472,7.6,3,CAP005,bon,smartwatch
RT_00103,P007,2025-01-15T08:25:00,2025-01-15,08:25:00,37.2,109,73,63,98.3,19,1.48,80.1,27.7,127,5.6,1,CAP003,bon,smartwatch
RT_00104,P008,2025-01-15T08:24:00,2025-01-15,08:24:00,37.4,131,79,50,97.2,15,0.8,60.5,20.9,83,6.0,0,CAP007,bon,smartwatch
RT_00105,P009,2025-01-15T08:24:00,2025-01-15,08:24:00,38.7,171,115,122,89.3,29,1.96,79.4,27.5,5,8.1,5,CAP006,bon,smartwatch
RT_00106,P010,2025-01-15T08:24:00,2025-01-15,08:24:00,37.0,118,68,86,96.7,15,0.76,83.4,28.9,244,6.2,3,CAP009,bon,smartwatch
RT_00107,P011,2025-01-15T08:25:00,2025-01-15,08:25:00,37.0,79,46,71,97.3,17,0.84,72.5,25.1,584,6.2,0,CAP010,bon,smartwatch
RT_00108,P012,2025-01-15T08:25:00,2025-01-15,08:25:00,38.9,130,81,79,91.1,29,0.73,83.7,29.0,396,8.4,7,CAP002,bon,smartwatch
RT_00109,P001,2025-01-15T08:28:00,2025-01-15,08:28:00,37.2,125,68,86,98.0,19,0.83,67.3,23.3,45,5.9,2,CAP002,bon,smartwatch
RT_00110,P002,2025-01-15T08:27:00,2025-01-15,08:27:00,36.8,110,69,64,98.6,16,0.73,84.5,29.2,206,4.7,1,CAP008,moyen,smartwatch
RT_00111,P003,2025-01-15T08:28:00,2025-01-15,08:28:00,37.5,122,80,117,97.0,19,0.74,71.9,24.9,671,5.8,0,CAP005,bon,smartwatch
RT_00112,P004,2025-01-15T08:28:00,2025-01-15,08:28:00,37.4,170,108,87,95.9,16,0.75,78.1,27.0,616,8.5,1,CAP007,bon,smartwatch
RT_00113,P005,2025-01-15T08:28:00,2025-01-15,08:28:00,37.1,114,79,81,90.2,22,0.96,60.2,20.8,361,7.0,3,CAP002,bon,smartwatch
RT_00114,P006,2025-01-15T08:27:00,2025-01-15,08:27:00,36.7,121,70,92,95.6,19,0.92,76.1,26.3,800,6.3,1,CAP002,bon,smartwatch
RT_00115,P007,2025-01-15T08:28:00,2025-01-15,08:28:00,36.9,124,69,83,97.4,15,1.43,68.3,23.6,375,6.1,2,CAP006,bon,smartwatch
RT_00116,P008,2025-01-15T08:27:00,2025-01-15,08:27:00,36.8,117,82,52,97.4,17,0.81,77.9,27.0,502,5.3,1,CAP001,moyen,smartwatch
RT_00117,P009,2025-01-15T08:28:00,2025-01-15,08:28:00,39.1,164,110,129,89.1,30,2.03,82.3,28.5,307,7.9,6,CAP003,bon,smartwatch
RT_00118,P010,2025-01-15T08:27:00,2025-01-15,08:27:00,37.2,112,80,62,97.1,17,0.84,84.6,29.3,564,5.0,0,CAP002,bon,smartwatch
RT_00119,P011,2025-01-15T08:28:00,2025-01-15,08:28:00,37.2,74,46,72,98.3,16,0.87,72.2,25.0,529,5.9,1,CAP008,bon,smartwatch
RT_00120,P012,2025-01-15T08:27:00,2025-01-15,08:27:00,39.2,131,68,78,91.4,24,0.77,71.6,24.8,726,5.4,9,CAP007,moyen,smartwatch
RT_00121,P001,2025-01-15T08:30:00,2025-01-15,08:30:00,37.4,113,69,82,96.8,17,0.75,63.3,21.9,656,5.2,1,CAP005,bon,smartwatch
RT_00122,P002,2025-01-15T08:31:00,2025-01-15,08:31:00,37.3,107,66,92,98.3,17,0.81,59.1,20.4,215,7.6,3,CAP010,bon,smartwatch
RT_00123,P003,2025-01-15T08:30:00,2025-01-15,08:30:00,36.9,125,74,123,97.5,18,0.74,82.0,28.4,450,6.2,3,CAP008,bon,smartwatch
RT_00124,P004,2025-01-15T08:30:00,2025-01-15,08:30:00,36.6,158,97,72,96.5,13,0.81,81.3,28.1,253,5.1,0,CAP006,bon,smartwatch
RT_00125,P005,2025-01-15T08:31:00,2025-01-15,08:31:00,37.5,110,75,91,90.5,30,0.87,69.3,24.0,315,6.5,0,CAP010,moyen,smartwatch
RT_00126,P006,2025-01-15T08:31:00,2025-01-15,08:31:00,36.7,106,74,77,98.1,19,0.94,63.8,22.1,481,5.6,0,CAP004,bon,smartwatch
RT_00127,P007,2025-01-15T08:31:00,2025-01-15,08:31:00,37.1,129,77,73,95.7,13,1.32,81.8,28.3,395,6.5,2,CAP003,bon,smartwatch
RT_00128,P008,2025-01-15T08:30:00,2025-01-15,08:30:00,36.7,130,75,53,98.1,16,0.89,84.3,29.2,46,4.7,2,CAP003,bon,smartwatch
RT_00129,P009,2025-01-15T08:31:00,2025-01-15,08:31:00,39.2,172,110,123,88.2,26,2.07,74.4,25.7,519,7.8,9,CAP003,bon,smartwatch
RT_00130,P010,2025-01-15T08:31:00,2025-01-15,08:31:00,36.7,126,68,75,98.0,19,1.02,80.0,27.7,704,7.0,3,CAP008,bon,smartwatch
RT_00131,P011,2025-01-15T08:30:00,2025-01-15,08:30:00,36.4,84,46,88,98.4,13,0.91,73.8,25.5,717,4.9,0,CAP001,bon,smartwatch
RT_00132,P012,2025-01-15T08:31:00,2025-01-15,08:31:00,38.4,121,84,91,92.2,22,0.95,69.1,23.9,531,5.3,7,CAP003,moyen,smartwatch
RT_00133,P001,2025-01-15T08:34:00,2025-01-15,08:34:00,37.4,119,82,72,97.8,18,0.97,68.2,23.6,738,7.2,2,CAP009,bon,smartwatch
RT_00134,P002,2025-01-15T08:33:00,2025-01-15,08:33:00,36.6,114,74,84,96.4,18,0.88,65.5,22.7,491,5.9,2,CAP004,bon,smartwatch
RT_00135,P003,2025-01-15T08:34:00,2025-01-15,08:34:00,37.4,130,69,109,95.8,16,0.94,80.1,27.7,765,6.4,1,CAP007,bon,smartwatch
RT_00136,P004,2025-01-15T08:34:00,2025-01-15,08:34:00,36.4,154,97,69,95.7,16,0.83,76.8,26.6,483,4.9,1,CAP009,bon,smartwatch
RT_00137,P005,2025-01-15T08:33:00,2025-01-15,08:33:00,37.3,120,80,82,88.9,22,1.02,75.6,26.2,91,7.1,1,CAP007,bon,smartwatch
RT_00138,P006,2025-01-15T08:33:00,2025-01-15,08:33:00,37.3,106,77,87,97.6,18,1.04,69.3,24.0,296,8.0,0,CAP003,bon,smartwatch
RT_00139,P007,2025-01-15T08:33:00,2025-01-15,08:33:00,37.5,122,81,77,99.3,14,1.41,65.7,22.7,338,5.1,3,CAP006,bon,smartwatch
RT_00140,P008,2025-01-15T08:33:00,2025-01-15,08:33:00,37.2,123,71,42,97.7,13,0.85,77.9,27.0,97,5.2,1,CAP001,bon,smartwatch
RT_00141,P009,2025-01-15T08:33:00,2025-01-15,08:33:00,38.8,170,110,127,88.7,22,1.81,65.0,22.5,368,7.3,5,CAP001,bon,smartwatch
RT_00142,P010,2025-01-15T08:34:00,2025-01-15,08:34:00,37.1,127,74,84,96.0,15,0.84,62.3,21.6,226,5.4,1,CAP005,bon,smartwatch
RT_00143,P011,2025-01-15T08:34:00,2025-01-15,08:34:00,37.1,87,48,86,96.6,19,0.92,68.1,23.6,83,6.6,2,CAP010,bon,smartwatch
RT_00144,P012,2025-01-15T08:33:00,2025-01-15,08:33:00,39.3,111,83,79,91.4,27,1.0,80.4,27.8,452,5.0,6,CAP001,bon,smartwatch
RT_00145,P001,2025-01-15T08:37:00,2025-01-15,08:37:00,36.8,106,79,66,97.7,16,0.91,82.3,28.5,572,6.3,2,CAP002,bon,smartwatch
RT_00146,P002,2025-01-15T08:37:00,2025-01-15,08:37:00,37.2,123,67,63,97.3,18,0.74,80.0,27.7,61,8.2,0,CAP005,moyen,smartwatch
RT_00147,P003,2025-01-15T08:37:00,2025-01-15,08:37:00,36.4,109,85,129,97.4,16,0.84,65.8,22.8,699,8.4,1,CAP001,bon,smartwatch
RT_00148,P004,2025-01-15T08:37:00,2025-01-15,08:37:00,36.9,153,103,83,98.6,16,0.9,62.8,21.7,235,5.5,2,CAP002,bon,smartwatch
RT_00149,P005,2025-01-15T08:36:00,2025-01-15,08:36:00,37.1,124,65,69,88.5,22,0.8,58.9,20.4,45,6.1,1,CAP002,bon,smartwatch
RT_00150,P006,2025-01-15T08:36:00,2025-01-15,08:36:00,36.6,131,83,72,98.0,19,0.94,71.6,24.8,328,5.4,1,CAP003,moyen,smartwatch
RT_00151,P007,2025-01-15T08:36:00,2025-01-15,08:36:00,36.3,123,70,82,98.4,17,1.58,66.1,22.9,390,7.6,2,CAP007,bon,smartwatch
RT_00152,P008,2025-01-15T08:37:00,2025-01-15,08:37:00,36.4,122,80,44,99.2,14,0.99,66.1,22.9,59,6.7,3,CAP003,bon,smartwatch
RT_00153,P009,2025-01-15T08:36:00,2025-01-15,08:36:00,38.8,182,102,132,89.5,23,2.03,64.6,22.4,195,4.7,8,CAP007,bon,smartwatch
RT_00154,P010,2025-01-15T08:36:00,2025-01-15,08:36:00,37.2,128,82,68,97.6,19,1.02,63.1,21.8,310,8.3,0,CAP002,bon,smartwatch
RT_00155,P011,2025-01-15T08:36:00,2025-01-15,08:36:00,37.2,79,48,74,99.4,17,0.83,78.2,27.1,289,6.0,2,CAP002,bon,smartwatch
RT_00156,P012,2025-01-15T08:37:00,2025-01-15,08:37:00,38.8,130,80,86,93.1,25,0.84,81.8,28.3,423,4.7,6,CAP009,bon,smartwatch
RT_00157,P001,2025-01-15T08:39:00,2025-01-15,08:39:00,37.0,128,78,71,96.2,15,0.8,72.9,25.2,583,7.8,3,CAP005,bon,smartwatch
RT_00158,P002,2025-01-15T08:40:00,2025-01-15,08:40:00,36.8,128,85,85,97.6,14,0.96,78.6,27.2,360,5.2,3,CAP005,bon,smartwatch
RT_00159,P003,2025-01-15T08:39:00,2025-01-15,08:39:00,37.3,131,66,107,96.5,18,0.77,58.9,20.4,223,6.5,2,CAP009,bon,smartwatch
RT_00160,P004,2025-01-15T08:40:00,2025-01-15,08:40:00,36.9,148,96,78,99.0,18,0.86,58.4,20.2,183,4.9,0,CAP008,bon,smartwatch
RT_00161,P005,2025-01-15T08:39:00,2025-01-15,08:39:00,36.5,116,73,87,89.0,25,1.05,74.7,25.8,231,5.7,0,CAP004,bon,smartwatch
RT_00162,P006,2025-01-15T08:39:00,2025-01-15,08:39:00,36.7,120,66,82,95.5,14,0.75,68.9,23.8,444,7.1,2,CAP002,bon,smartwatch
RT_00163,P007,2025-01-15T08:39:00,2025-01-15,08:39:00,36.5,132,83,77,96.7,13,1.42,82.8,28.7,33,5.2,2,CAP009,bon,smartwatch
RT_00164,P008,2025-01-15T08:39:00,2025-01-15,08:39:00,37.3,131,77,50,96.5,19,1.0,61.9,21.4,693,8.1,2,CAP010,bon,smartwatch
RT_00165,P009,2025-01-15T08:39:00,2025-01-15,08:39:00,39.8,163,103,131,87.7,23,1.87,71.5,24.7,787,7.0,9,CAP002,bon,smartwatch
RT_00166,P010,2025-01-15T08:40:00,2025-01-15,08:40:00,37.2,119,80,69,97.0,16,0.86,75.1,26.0,696,6.8,3,CAP001,bon,smartwatch
RT_00167,P011,2025-01-15T08:40:00,2025-01-15,08:40:00,36.3,76,54,84,98.9,14,0.96,77.3,26.7,324,5.9,0,CAP004,bon,smartwatch
RT_00168,P012,2025-01-15T08:40:00,2025-01-15,08:40:00,38.5,109,67,67,92.1,30,0.9,67.7,23.4,417,4.9,5,CAP008,bon,smartwatch
RT_00169,P001,2025-01-15T08:42:00,2025-01-15,08:42:00,36.6,117,65,71,97.3,19,0.75,74.1,25.6,572,8.1,1,CAP010,bon,smartwatch
RT_00170,P002,2025-01-15T08:42:00,2025-01-15,08:42:00,36.5,113,80,66,95.8,16,0.81,62.6,21.7,306,6.4,0,CAP007,bon,smartwatch
RT_00171,P003,2025-01-15T08:42:00,2025-01-15,08:42:00,36.5,108,69,116,99.1,16,0.99,74.0,25.6,337,6.3,3,CAP008,bon,smartwatch
RT_00172,P004,2025-01-15T08:42:00,2025-01-15,08:42:00,37.4,148,98,84,98.2,17,0.98,66.7,23.1,333,6.0,3,CAP005,bon,smartwatch
RT_00173,P005,2025-01-15T08:42:00,2025-01-15,08:42:00,36.4,129,82,62,90.7,26,0.99,84.9,29.4,70,7.8,3,CAP010,bon,smartwatch
RT_00174,P006,2025-01-15T08:42:00,2025-01-15,08:42:00,37.1,127,78,87,97.1,16,1.05,64.5,22.3,490,6.8,3,CAP005,bon,smartwatch
RT_00175,P007,2025-01-15T08:43:00,2025-01-15,08:43:00,37.4,108,72,83,98.4,14,1.59,74.0,25.6,662,6.1,2,CAP009,moyen,smartwatch
RT_00176,P008,2025-01-15T08:43:00,2025-01-15,08:43:00,36.5,121,81,53,97.4,16,0.87,58.3,20.2,695,6.9,1,CAP002,bon,smartwatch
RT_00177,P009,2025-01-15T08:42:00,2025-01-15,08:42:00,39.0,164,103,122,88.0,27,1.96,60.8,21.0,211,6.6,7,CAP008,bon,smartwatch
RT_00178,P010,2025-01-15T08:43:00,2025-01-15,08:43:00,36.6,130,68,62,99.2,18,0.76,66.6,23.0,168,8.2,1,CAP008,bon,smartwatch
RT_00179,P011,2025-01-15T08:42:00,2025-01-15,08:42:00,37.4,79,54,82,96.3,18,0.94,73.1,25.3,405,4.6,1,CAP006,bon,smartwatch
RT_00180,P012,2025-01-15T08:43:00,2025-01-15,08:43:00,38.5,113,67,80,91.3,30,0.78,58.1,20.1,333,5.3,5,CAP007,bon,smartwatch
