capteur_id;type_capteur;fabricant;date_installation;batterie_pct;statut_capteur;frequence_mesure_min
CAPT001;Montre médicale;Omron;2022-04-09;71;Actif;10
CAPT002;Oxymètre;Philips;2022-05-28;81;En maintenance;60
CAPT003;Oxymètre;Withings;2022-02-08;52;Actif;15
CAPT004;Glucomètre;Philips;2022-04-07;16;Actif;5
CAPT005;Montre médicale;Masimo;2022-06-26;24;Actif;10
CAPT006;Glucomètre;Masimo;2023-03-17;76;Actif;10
CAPT007;Montre médicale;Withings;2022-12-12;6;Actif;5
CAPT008;Patch thoracique;Omron;2022-09-04;79;Défaillant;30
CAPT009;Patch thoracique;Withings;2023-01-02;89;Actif;30
CAPT010;Patch thoracique;Omron;2022-03-03;59;Défaillant;60
CAPT011;Bracelet connecté;Dräger;2023-02-17;10;Actif;10
CAPT012;Glucomètre;Omron;2022-08-12;87;Actif;60
CAPT013;Glucomètre;Withings;2023-01-19;98;Actif;5
CAPT014;Patch thoracique;Withings;2022-10-15;66;Actif;60
CAPT015;Oxymètre;Omron;2022-03-15;53;Actif;10
CAPT016;Glucomètre;Philips;2022-07-31;88;En maintenance;30
CAPT017;Montre médicale;Omron;2022-03-05;58;Actif;30
CAPT018;Glucomètre;Dräger;2022-02-03;14;Actif;5
CAPT019;Glucomètre;Dräger;2022-02-25;28;Actif;15
CAPT020;Montre médicale;Philips;2023-01-15;33;Actif;60
CAPT021;Patch thoracique;Dräger;2022-05-27;98;Actif;5
CAPT022;Patch thoracique;Withings;2022-08-25;10;Défaillant;30
CAPT023;Montre médicale;Philips;2022-07-15;62;Actif;10
CAPT024;Glucomètre;Philips;2023-04-19;82;Actif;10
CAPT025;Glucomètre;Philips;2023-04-05;61;Actif;15
CAPT026;Patch thoracique;Omron;2022-03-29;7;Actif;15
CAPT027;Bracelet connecté;Omron;2022-01-13;28;Actif;30
CAPT028;Patch thoracique;Philips;2022-08-16;23;En maintenance;15
CAPT029;Montre médicale;Dräger;2022-04-15;13;Actif;15
CAPT030;Bracelet connecté;Withings;2022-05-11;34;Actif;10
CAPT031;Bracelet connecté;Withings;2022-08-25;81;Actif;60
CAPT032;Montre médicale;Omron;2022-10-03;86;Actif;10
CAPT033;Oxymètre;Masimo;2022-09-04;48;Actif;10
CAPT034;Patch thoracique;Philips;2023-03-30;57;Actif;30
CAPT035;Glucomètre;Masimo;2023-02-10;90;Actif;30
CAPT036;Patch thoracique;Withings;2023-01-20;72;Actif;60
CAPT037;Montre médicale;Omron;2022-04-28;64;Actif;5
CAPT038;Glucomètre;Omron;2023-01-11;27;Actif;15
CAPT039;Oxymètre;Omron;2022-06-26;65;Actif;15
CAPT040;Montre médicale;Omron;2022-06-09;11;Actif;10
CAPT041;Patch thoracique;Omron;2022-03-03;48;Actif;10
CAPT042;Bracelet connecté;Philips;2022-05-24;59;Actif;60
CAPT043;Montre médicale;Masimo;2023-02-27;79;Actif;15
CAPT044;Montre médicale;Withings;2023-05-09;43;Actif;10
CAPT045;Patch thoracique;Withings;2022-06-15;63;Actif;10
CAPT046;Oxymètre;Omron;2023-04-23;9;Actif;30
CAPT047;Patch thoracique;Omron;2022-06-28;46;Défaillant;5
CAPT048;Patch thoracique;Omron;2023-02-11;93;Actif;60
CAPT049;Oxymètre;Dräger;2023-04-24;96;Actif;5
CAPT050;Oxymètre;Withings;2022-08-02;18;Actif;5